cerr.trn;gain.trn;rgain.trn;cerr.tst;gain.tst;rgain.tst;cerr.tst2;gain.tst2;rgain.tst2;test2.string;resp;i;k
0.0518518518518518;128;94.8148148148148;0.0666666666666667;14;93.3333333333333;0.0666666666666667;14;93.3333333333333;default cutoff;Species;1;1
0.0518518518518518;128;94.8148148148148;0;15;100;0;15;100;default cutoff;Species;2;1
